season,player,pos,age,team_id,g,gs,mp_per_g,fg_per_g,fga_per_g,fg_pct,fg3_per_g,fg3a_per_g,fg3_pct,fg2_per_g,fg2a_per_g,fg2_pct,efg_pct,ft_per_g,fta_per_g,ft_pct,orb_per_g,drb_per_g,trb_per_g,ast_per_g,stl_per_g,blk_per_g,tov_per_g,pf_per_g,pts_per_g,mp,per,ts_pct,fg3a_per_fga_pct,fta_per_fga_pct,orb_pct,drb_pct,trb_pct,ast_pct,stl_pct,blk_pct,tov_pct,usg_pct,ows,dws,ws,ws_per_48,obpm,dbpm,bpm,vorp,award_share,mov,mov_adj,win_loss_pct,MVP_rank,era,predicted_award_share,award_share_error,abs_error,received_votes
2021,Nikola Jokić,C,25,DEN,72,72,34.6,1.7446136637624496,1.0016197743887798,0.566,1.3,3.3,0.388,1.910784652845123,14.7,0.606,0.602,0.9747003379203084,0.7370096106056451,0.868,2.8,8.0,10.8,8.3,1.3,0.7,3.1,2.7,1.3975517660972656,2488,31.3,0.647,0.183,0.305,9.4,26.1,17.8,40.4,1.9,1.9,13.1,29.6,12.2,3.4,3.7791833522447935,3.0208299337381463,9.1,3.0,3.445536807634066,3.9416402210715655,0.961,4.93,4.82,0.653,1.0,Analytics/3PT,0.6771157,-0.2838843212127685,0.2838843212127685,True
2021,Stephen Curry,PG,32,GSW,63,63,34.2,1.848624166306276,1.9465742069595489,0.482,5.3,12.7,0.421,0.043758427164392,9.0,0.569,0.605,1.4926222886971516,1.106959532792008,0.916,0.5,5.0,5.5,5.8,1.2,0.1,3.4,1.9,2.406581888920111,2152,26.3,0.655,0.587,0.289,1.5,15.4,8.5,30.5,1.7,0.3,12.2,34.8,6.5,2.5,1.2892019952206153,1.2845648618096206,8.3,0.4,2.30938161845211,2.1893945103845067,0.449,1.06,1.1,0.542,2.0,Analytics/3PT,0.044238254,-0.40476174557209016,0.40476174557209016,True
2021,Giannis Antetokounmpo,PF,26,MIL,61,61,33.0,1.796618915034363,1.0016197743887798,0.569,1.1,3.6,0.303,2.0581814601357067,14.4,0.636,0.6,1.952997356054345,2.58675922153746,0.685,1.6,9.4,11.0,5.9,1.2,1.2,3.4,2.8,1.7038644819542013,2013,29.2,0.633,0.201,0.528,5.3,28.9,17.5,28.7,1.7,3.2,13.2,32.5,6.9,3.3,1.7419258783159202,2.0311588427388867,6.2,2.8,2.409630605732871,2.072578129672036,0.345,5.89,5.57,0.639,3.0,Analytics/3PT,0.06212959,-0.28287040933966634,0.28287040933966634,True
2021,Chris Paul,PG,35,PHO,70,70,31.4,-0.2835911358421498,-0.3775029109847752,0.499,1.5,3.7,0.395,-0.1036383801261918,8.9,0.543,0.557,-0.4064248641512724,-0.6040588573199208,0.934,0.4,4.1,4.5,8.9,1.4,0.3,2.2,2.4,-0.4042877389435286,2199,21.4,0.599,0.294,0.206,1.3,14.5,8.0,40.9,2.2,0.8,14.0,22.6,6.5,2.7,1.364655975736499,1.2845648618096206,3.5,1.1,0.9393121256150454,0.9044143225473306,0.138,5.82,5.67,0.708,4.0,Analytics/3PT,0.011604394,-0.12639560616761447,0.12639560616761447,True
2021,Luka Dončić,PG,21,DAL,66,66,34.3,1.536592658674799,1.640102499098759,0.479,2.9,8.3,0.35,0.9281392709078964,12.2,0.567,0.55,1.2048878715989055,1.476909454978371,0.73,0.8,7.2,8.0,8.6,1.0,0.5,4.3,2.3,1.6317909017525691,2262,25.3,0.587,0.406,0.349,2.7,22.9,12.8,44.1,1.4,1.5,15.3,36.0,5.1,2.6,0.7987511218673682,0.6247841344767807,6.1,0.7,1.6744713656739585,1.7805371778908594,0.042,2.26,2.26,0.583,5.0,Analytics/3PT,0.016907753,-0.025092246577143672,0.025092246577143672,True
2021,Damian Lillard,PG,30,POR,67,67,35.8,1.1205506484994965,1.4868666451683634,0.451,4.1,10.5,0.391,-0.0545061110293302,9.4,0.519,0.554,2.068091122893644,1.5231531952516666,0.928,0.5,3.7,4.2,7.5,0.9,0.3,3.0,1.5,1.8299932473070568,2398,25.6,0.623,0.528,0.363,1.4,11.5,6.3,34.6,1.3,0.6,11.6,31.4,9.6,0.8,1.8173798588318049,1.4234660675639024,7.5,-1.3,1.5073897202060234,1.7221289875346244,0.038,1.79,1.8,0.583,6.0,Analytics/3PT,0.035793696,-0.0022063044011592856,0.0022063044011592856,True
2021,Julius Randle,PF,26,NYK,71,71,37.6,0.8605243921399321,1.154855628319175,0.456,2.3,5.5,0.411,0.584213387229867,13.1,0.474,0.516,1.032247221339958,0.968228311972122,0.811,1.2,9.0,10.2,6.0,0.9,0.3,3.4,3.2,0.9831286799378836,2667,19.7,0.567,0.294,0.325,3.5,25.7,14.7,27.2,1.2,0.6,13.8,29.3,3.4,4.3,0.8364781121253101,0.2254431679332199,2.9,0.9,0.6719814928663499,1.0796388936160364,0.02,2.31,2.13,0.569,7.0,Analytics/3PT,0.009943313,-0.010056687034666539,0.010056687034666539,True
2021,Rudy Gobert,C,28,UTA,71,71,30.8,-0.6996331460174522,-1.5012325064743386,0.675,0.0,0.1,0.0,0.2402875035518375,8.1,0.68,0.675,0.1114970866255703,0.6445221300590542,0.623,3.4,10.1,13.5,1.3,0.6,2.7,1.7,2.3,-0.782674035002095,2187,23.5,0.683,0.007,0.646,12.2,33.5,23.3,6.0,0.9,7.0,13.7,17.0,6.1,5.2,2.156922771153284,2.100609445616028,2.1,2.8,1.0395611128958064,1.021230703259801,0.008,9.25,8.96,0.722,,Analytics/3PT,0.041295253,0.03329525274038315,0.03329525274038315,True
2021,Russell Westbrook,PG,32,WAS,65,65,36.4,0.8085191408680195,1.2570128642727714,0.439,1.3,4.2,0.315,0.9772715400047576,14.8,0.475,0.474,0.6294190374024135,1.1532032730653037,0.656,1.7,9.9,11.5,11.7,1.4,0.4,4.8,2.9,0.6407791739801322,2369,19.5,0.509,0.221,0.334,4.9,28.6,16.8,48.6,1.7,0.8,18.0,30.2,0.5,3.2,-0.7103284884503157,-0.9031291288203224,2.6,1.1,0.6385651637727631,0.7875979418348599,0.005,-1.83,-1.84,0.472,,Analytics/3PT,0.0058136564,0.0008136563748121261,0.0008136563748121261,True
2021,Ben Simmons,PG,24,PHI,58,58,32.4,-0.6476278947455396,-1.0159856356947543,0.557,0.1,0.2,0.3,0.2894197726486987,9.9,0.562,0.56,-0.0611435636333771,0.459547168965873,0.613,1.6,5.6,7.2,6.9,1.6,0.6,3.0,2.9,-0.782674035002095,1877,18.3,0.584,0.017,0.492,5.6,18.7,12.2,31.3,2.4,1.7,19.6,20.2,2.7,3.3,0.1573922874823524,0.451157627283928,0.7,2.2,0.3712345310240674,0.1451078479162718,0.003,5.58,5.28,0.681,,Analytics/3PT,0.0036118221,0.0006118221469223499,0.0006118221469223499,True
2011,Derrick Rose,PG,22,CHI,81,81,37.4,1.843936758894646,2.2420917683940127,0.445,1.6,4.8,0.332,1.179612797594954,15.0,0.481,0.485,1.627030273124198,1.358755180309957,0.858,1.0,3.1,4.1,7.7,1.0,0.6,3.4,1.7,2.0708955276490544,3026,23.5,0.55,0.241,0.348,3.2,9.4,6.4,38.7,1.5,1.3,13.1,32.2,8.3,4.8,2.001748216175869,1.6384013081500657,6.3,0.5,2.35531550039854,2.703095538770887,0.977,7.32,6.53,0.756,1.0,Analytics/3PT,0.12213092,-0.854869077026844,0.854869077026844,True
2011,Dwight Howard,C,25,ORL,78,78,37.6,1.236490535247069,0.1426300946600242,0.593,0.0,0.1,0.0,1.582211022030092,13.3,0.597,0.593,2.335554936796651,3.831092127045284,0.596,4.0,10.1,14.1,1.4,1.4,2.4,3.6,3.3,1.563619124049029,2935,26.1,0.616,0.007,0.877,12.6,30.6,21.8,6.8,1.9,4.9,16.2,27.2,6.7,7.7,2.412007191586342,2.173308627618648,2.9,2.4,1.692593074850273,1.905722223499239,0.531,5.46,4.92,0.634,2.0,Analytics/3PT,0.13097091,-0.4000290898084641,0.4000290898084641,True
2011,LeBron James,SF,26,MIA,79,79,38.8,2.383888957692492,1.9421686721463003,0.51,1.2,3.5,0.33,1.8697811823409047,15.3,0.552,0.541,1.9490869384298584,2.1313604761647467,0.759,1.0,6.5,7.5,7.0,1.6,0.6,3.6,2.1,2.4815478543728844,3063,27.3,0.594,0.188,0.446,3.3,18.7,11.4,34.9,2.1,1.3,13.8,31.5,10.3,5.3,2.790707784272932,2.351611067441509,6.3,1.8,2.9296749358737046,3.377796036308435,0.431,7.46,6.76,0.707,3.0,Analytics/3PT,0.41779703,-0.013202970981597895,0.013202970981597895,True
2011,Kobe Bryant,SG,32,LAL,82,82,33.9,1.9789248085941071,2.342066133809917,0.451,1.4,4.3,0.323,1.409668925843604,15.6,0.487,0.487,1.627030273124198,1.4617692197572618,0.828,1.0,4.1,5.1,4.7,1.2,0.1,3.0,2.1,2.143363585306201,2779,23.9,0.548,0.217,0.356,3.5,13.3,8.5,26.7,1.9,0.3,11.4,35.1,6.8,3.5,1.1181134999071582,1.044059842073863,5.4,-0.2,1.6484115798137222,1.6603765880310395,0.354,6.11,6.01,0.695,4.0,Analytics/3PT,0.029113082,-0.32488691778481005,0.32488691778481005,True
2011,Kevin Durant,SF,22,OKC,78,78,38.9,2.0464188334438376,2.2420917683940127,0.462,1.9,5.3,0.35,1.2371268296571163,14.4,0.504,0.509,2.7220229351634435,2.285881535335704,0.88,0.7,6.1,6.8,2.7,1.1,1.0,2.8,2.0,2.723108046563373,3038,23.6,0.589,0.269,0.439,2.3,17.7,10.3,13.2,1.5,1.8,10.6,30.6,8.6,3.3,1.6546060062131611,1.261985046301804,5.2,-0.3,1.515867094704069,1.8443858146321888,0.157,3.79,3.81,0.671,5.0,Analytics/3PT,0.038203306,-0.11879669350385666,0.11879669350385666,True
2011,Dirk Nowitzki,PF,32,DAL,73,73,34.3,1.5739606594957227,1.07572417187513,0.517,0.9,2.3,0.393,1.3521548937814416,13.8,0.538,0.545,1.3049736078185374,0.9466990225207352,0.892,0.7,6.3,7.0,2.6,0.5,0.6,1.9,2.4,1.587775143268078,2504,23.4,0.612,0.142,0.376,2.4,20.8,12.0,14.2,0.8,1.4,9.1,28.2,7.8,3.3,1.370580561698218,1.737458219162766,4.3,0.8,1.6042300847771709,1.35369454369579,0.093,4.23,4.41,0.695,6.0,Analytics/3PT,0.029572053,-0.06342794711887836,0.06342794711887836,True
2011,Dwyane Wade,SG,29,MIA,76,76,37.1,2.0464188334438376,1.7422199413144914,0.5,0.8,2.7,0.306,1.8122671502787424,15.5,0.534,0.523,2.0134982714909904,2.234374515612052,0.758,1.6,4.8,6.4,4.6,1.5,1.1,3.1,2.6,2.1916756237442985,2823,25.6,0.581,0.149,0.471,5.5,14.4,10.2,23.5,2.1,2.4,12.4,31.6,8.1,4.7,1.9070730680042212,1.8365151301754667,5.5,1.1,2.2669525103254378,2.3350770855685874,0.02,7.46,6.76,0.707,7.0,Analytics/3PT,0.074088395,0.05408839464187622,0.05408839464187622,True
2011,Manu Ginóbili,SG,33,SAS,80,79,30.3,-0.3833660611464699,-0.0906434246437526,0.433,1.9,5.5,0.349,-0.8908923566428979,7.2,0.497,0.509,0.725271610268348,0.4316288252842088,0.871,0.5,3.2,3.7,4.9,1.5,0.4,2.2,2.0,0.2350380670013439,2426,21.7,0.581,0.433,0.403,2.1,11.8,7.1,26.4,2.6,0.8,12.7,26.0,6.6,3.2,0.991879969011628,1.3808533395170446,4.1,1.3,1.7367745698868249,1.35369454369579,0.017,5.71,5.86,0.744,,Analytics/3PT,0.008792471,-0.008207528859376909,0.008207528859376909,True
2011,Amar'e Stoudemire,C,28,NYK,78,78,36.8,2.316394932842761,2.008818249090236,0.502,0.1,0.3,0.435,2.44492150296253,18.7,0.503,0.505,1.7558529392464617,1.770811338099178,0.792,2.5,5.6,8.2,2.6,0.9,1.9,3.2,3.5,2.143363585306201,2870,22.7,0.565,0.016,0.403,7.8,17.6,12.7,13.2,1.2,3.8,12.5,30.9,5.4,2.6,0.3922706972578599,0.172359025162099,2.0,-0.6,-0.0304852315752203,0.0656299574877432,0.007,0.78,0.48,0.512,,Analytics/3PT,0.008867804,0.0018678039610385893,0.0018678039610385893,True
2011,Blake Griffin,PF,21,LAC,82,82,38.0,1.6414546843454534,1.275672902706939,0.506,0.1,0.3,0.292,1.8697811823409047,16.5,0.51,0.508,1.3049736078185374,2.182867495888399,0.642,3.3,8.8,12.1,3.8,0.8,0.5,2.7,3.1,1.466995047172834,3112,21.9,0.549,0.017,0.505,10.2,26.9,18.6,18.7,1.0,1.1,11.7,27.3,6.5,3.4,0.9603215862877456,0.5289639048078205,3.0,-0.3,0.4996927088633932,0.8016668638923415,0.004,-3.13,-2.71,0.39,,Analytics/3PT,0.012804958,0.008804958038032055,0.008804958038032055,True
2011,Rajon Rondo,PG,24,BOS,68,68,37.2,-0.923318259944316,-1.0237375018588584,0.475,0.1,0.6,0.233,-0.373266068083435,9.2,0.491,0.482,-1.4647137138101445,-1.216595805872676,0.568,1.3,3.1,4.4,11.2,2.3,0.2,3.4,1.8,-1.4075712398939757,2527,17.1,0.495,0.064,0.197,4.5,9.7,7.2,47.1,3.2,0.3,24.3,18.3,1.8,4.8,-0.0495466608764955,0.0138679675417781,1.6,1.4,0.7206001840461488,0.5563212284241422,0.004,5.37,4.83,0.683,,Analytics/3PT,0.0046809334,0.0006809334307909011,0.0006809334307909011,True
2011,Tony Parker,PG,28,SAS,78,78,32.4,0.6965383364492223,0.2426044600759281,0.519,0.3,0.9,0.357,0.9495566693463036,12.8,0.531,0.531,-0.2408983856486339,-0.1864554113996228,0.769,0.4,2.7,3.1,6.6,1.2,0.0,2.6,1.7,0.2591940862203931,2528,20.4,0.569,0.065,0.283,1.4,9.3,5.5,35.2,1.9,0.1,14.3,25.5,5.8,2.4,0.4553874627056247,0.608209433617981,2.3,-0.4,0.1462407485709842,0.0656299574877432,0.002,5.71,5.86,0.744,,Analytics/3PT,0.004593353,0.002593352787196636,0.002593352787196636,True
2011,Chris Paul,PG,25,NOH,80,80,36.0,-0.4508600859962005,-0.4572160978354013,0.463,0.9,2.3,0.388,-0.373266068083435,9.3,0.482,0.502,0.5320376110849517,0.2771077661132509,0.878,0.5,3.6,4.1,9.8,2.4,0.1,2.2,2.5,-0.1273022212843879,2880,23.7,0.578,0.197,0.414,1.6,12.3,6.9,45.8,3.5,0.1,13.9,21.1,9.5,4.4,2.2542152779669293,2.1138744810110284,4.4,2.8,2.487859985508193,2.703095538770887,0.002,0.89,1.28,0.561,,Analytics/3PT,0.06975014,0.06775013762712478,0.06775013762712478,True
2005,Steve Nash,PG,30,PHO,75,75,34.3,-0.1642648656005521,-0.488369100246099,0.502,1.3,2.9,0.431,-0.2742083065010164,8.5,0.526,0.557,-0.3511106045884534,-0.5239914371650467,0.887,0.8,2.6,3.3,11.5,1.0,0.1,3.3,1.8,-0.1775781667221387,2573,22.0,0.606,0.254,0.278,2.5,7.6,5.2,49.2,1.4,0.2,20.3,20.5,9.7,1.2,1.3151412956693171,1.62394165565166,5.5,-0.8,1.274662867677975,1.0770224636975758,0.839,7.12,7.08,0.756,1.0,Isolation,0.015594243,-0.8234057569280266,0.8234057569280266,True
2005,Shaquille O'Neal,C,32,MIA,73,73,34.1,1.8734587773785625,0.5295469333191255,0.601,0.0,0.0,,2.257575559300197,15.0,0.601,0.601,0.7737538517913517,2.689623257813736,0.461,3.5,6.9,10.4,2.7,0.5,2.3,2.8,3.6,1.3763837009657396,2492,27.0,0.583,0.0,0.699,12.4,22.8,17.8,15.7,0.8,5.0,12.4,30.5,6.4,4.6,1.3472179126368615,1.78916303165573,4.1,1.2,1.5130113252347035,1.182925388528936,0.813,6.52,5.76,0.72,2.0,Isolation,0.050155114,-0.7628448856174945,0.7628448856174945,True
2005,Dirk Nowitzki,PF,26,DAL,78,78,38.7,1.5647127708665751,1.5191875215075383,0.459,1.2,2.9,0.399,1.3011238766641828,15.6,0.47,0.49,2.51729375918005,2.0733135902835578,0.869,1.2,8.5,9.7,3.1,1.2,1.5,2.3,2.8,2.048367211317255,3020,26.1,0.578,0.158,0.49,3.6,24.0,14.0,14.3,1.7,2.9,9.1,28.7,10.3,5.2,2.8227422931439,2.5533118956745566,5.8,1.5,2.3075061837571327,2.506711948920944,0.275,5.74,5.85,0.707,3.0,Isolation,0.31775507,0.04275507330894468,0.04275507330894468,True
2005,Tim Duncan,PF,28,SAS,66,66,33.4,1.1324683617497937,0.75575049633362,0.496,0.0,0.1,0.333,1.5824331950865398,15.7,0.498,0.498,0.6612674061533711,1.1048269698789936,0.67,3.1,8.0,11.1,2.7,0.7,2.6,1.9,2.2,0.830397098805134,2203,27.0,0.54,0.009,0.437,10.7,28.2,19.4,16.1,1.1,5.7,9.3,28.9,5.5,5.7,1.4113711465719498,2.49135387967303,4.8,2.8,2.4266804125354966,1.6065370878543792,0.258,7.8,7.84,0.72,4.0,Isolation,0.07888039,-0.1791196079850197,0.1791196079850197,True
2005,Allen Iverson,PG,29,PHI,75,75,42.3,2.676198394309729,3.1308879079858105,0.424,1.4,4.5,0.308,2.2013136956157258,19.7,0.451,0.453,2.9672395417319715,2.689623257813736,0.835,0.7,3.3,4.0,7.9,2.4,0.1,4.6,1.9,3.014343507447557,3174,23.2,0.532,0.186,0.432,1.8,8.9,5.3,37.6,2.9,0.2,13.7,35.0,5.3,3.7,0.7056855732859749,0.2402126316175688,4.2,0.0,1.0760391530473676,1.3947312381916577,0.189,-0.74,-1.08,0.524,5.0,Isolation,0.02243229,-0.16656770998239517,0.16656770998239517,True
2005,LeBron James,SF,20,CLE,80,80,42.4,2.4292015891001397,2.254349101304645,0.472,1.4,3.9,0.351,2.032528104562311,17.2,0.499,0.504,1.448672525619235,1.5890702800812757,0.75,1.4,6.0,7.4,7.2,2.2,0.7,3.3,1.8,2.279361543000588,3388,25.7,0.554,0.183,0.378,3.8,17.0,10.2,32.9,2.8,1.1,11.8,29.7,9.7,4.6,2.4057462725658243,1.62394165565166,7.0,1.7,2.8239278417967117,3.5657411972345505,0.073,0.79,0.27,0.512,6.0,Isolation,0.32304385,0.2500438530445099,0.2500438530445099,True
2005,Tracy McGrady,SF,25,HOU,78,78,40.8,1.996957179983357,2.310899992058269,0.431,1.8,5.6,0.326,1.3011238766641828,15.7,0.468,0.473,1.1674564115242836,1.19287120809759,0.774,0.9,5.3,6.2,5.7,1.7,0.7,2.6,2.1,1.9643692725233155,3182,22.9,0.526,0.262,0.336,2.7,14.8,8.9,28.6,2.3,1.3,9.5,31.2,6.5,5.4,1.6679840823123049,1.1489301996399566,5.2,1.5,2.0691577262004044,2.400809024089584,0.035,4.04,4.26,0.622,7.0,Isolation,0.058987435,0.023987434953451153,0.023987434953451153,True
2005,Dwyane Wade,SG,23,MIA,77,77,38.6,1.3794651669593827,1.1233312862321736,0.478,0.2,0.6,0.289,1.6949569224554828,16.5,0.485,0.483,2.2923208679040887,2.425490543157945,0.762,1.4,3.7,5.2,6.8,1.6,1.1,4.2,3.0,1.6283775173475583,2974,23.1,0.561,0.034,0.578,4.5,10.8,7.8,31.0,2.2,2.0,16.3,30.9,6.7,4.3,1.3472179126368615,1.08697218363843,3.9,0.7,1.2349381247518534,1.3417797757759775,0.034,6.52,5.76,0.72,,Isolation,0.017508456,-0.016491543516516688,0.016491543516516688,True
2005,Ray Allen,SG,29,SEA,78,78,39.3,1.3794651669593827,1.7171156391452207,0.428,2.7,7.1,0.376,0.2884103303436976,12.0,0.459,0.498,0.7737538517913517,0.4885173023488161,0.883,1.0,3.4,4.4,3.7,1.1,0.1,2.2,2.1,1.586378547950588,3064,20.9,0.555,0.372,0.286,3.2,10.7,6.9,18.1,1.5,0.1,9.2,28.0,9.7,1.0,1.2509880617342282,0.9010981356338512,5.3,-1.2,1.036314410121246,1.288828313360297,0.032,2.29,2.59,0.634,,Isolation,0.02316256,-0.008837439462542535,0.008837439462542535,True
2005,Amar'e Stoudemire,C,22,PHO,80,80,36.1,2.058706381285756,1.010229504724926,0.559,0.0,0.2,0.188,2.4263611503536118,16.5,0.564,0.56,2.1798344222661084,2.425490543157945,0.733,2.7,6.2,8.9,1.6,1.0,1.6,2.4,3.5,2.02736772661877,2889,26.6,0.617,0.012,0.595,8.5,17.4,13.2,7.7,1.3,3.0,10.1,28.3,11.3,3.3,2.501976123468457,2.4500485356720123,4.1,0.3,1.1554886388996106,1.2358768509446167,0.032,7.12,7.08,0.756,,Isolation,0.17489038,0.14289038407802582,0.14289038407802582,True
2005,Kevin Garnett,PF,28,MIN,82,82,38.1,1.441214368261781,0.9819540593481146,0.502,0.1,0.3,0.24,1.8637425135088972,16.3,0.507,0.504,1.1112131887052936,1.0167827316603968,0.811,3.0,10.5,13.5,5.7,1.5,1.4,2.7,2.5,1.2293873080763458,3121,28.2,0.567,0.018,0.404,9.5,30.2,20.3,27.1,2.1,2.6,12.2,27.1,10.1,6.0,2.9831253779816227,2.5533118956745566,6.5,3.0,3.1814505281318044,3.5657411972345505,0.012,1.45,1.73,0.537,,Isolation,0.4902566,0.4782566075325012,0.4782566075325012,True
2005,Gilbert Arenas,PG,23,WAS,80,80,40.9,1.3794651669593827,1.6605647483915973,0.431,2.6,7.0,0.365,0.3446721940281688,12.0,0.469,0.498,1.7298886397141862,1.5890702800812757,0.814,1.0,3.7,4.7,5.1,1.7,0.3,3.0,3.1,1.922370303126346,3274,21.3,0.565,0.369,0.42,2.8,10.5,6.5,22.9,2.2,0.5,11.8,27.3,9.2,2.3,1.507600997474583,0.92175080763436,4.7,-0.4,1.0760391530473676,1.5006341630230184,0.003,-0.33,-0.72,0.549,,Isolation,0.023960011,0.020960011079907418,0.020960011079907418,True
2005,Vince Carter,SF-SG,28,TOT,77,76,36.7,1.8734587773785625,1.9433192021597152,0.452,1.6,4.1,0.406,1.3573857403486544,15.9,0.463,0.493,0.7737538517913517,0.708627897895308,0.798,1.4,3.8,5.2,4.2,1.4,0.6,2.2,3.2,1.7123754561414974,2828,22.9,0.541,0.203,0.299,4.4,12.6,8.4,25.7,2.1,1.3,8.8,31.6,5.9,3.5,0.8339920411561523,0.7152240876292716,5.2,0.8,1.7910845257175536,1.76539147510142,0.002,0.0,0.0,0.5,,Isolation,0.020426102,0.018426101982593535,0.018426101982593535,True
2005,P.J. Brown,PF,35,NOH,82,78,34.4,-1.152252086438911,-1.1104288985359587,0.446,0.0,0.0,,-0.4992557612389022,9.2,0.446,0.446,-0.4635970502264337,-0.6120356753836436,0.864,3.2,5.7,9.0,2.2,0.9,0.6,1.2,2.8,-1.1645539475509263,2817,15.5,0.512,0.0,0.321,10.7,20.6,15.5,11.2,1.4,1.4,10.5,15.9,4.0,2.9,0.0320766169675442,-0.1315354643915902,0.1,0.1,-0.5129505639974905,-0.4585699463571537,0.001,-7.07,-6.3,0.22,,Isolation,0.0031992167,0.002199216676875949,0.002199216676875949,True
2005,Marcus Camby,C,30,DEN,66,66,30.5,-1.0905028851365133,-1.1387043439127704,0.465,0.0,0.1,0.0,-0.4429938975544305,9.0,0.468,0.465,-0.8572996099593657,-0.7881241518208371,0.723,2.0,8.0,10.0,2.3,0.9,3.0,1.6,2.7,-1.2695513710433506,2015,18.0,0.505,0.007,0.288,7.5,30.1,18.9,12.0,1.6,7.4,13.2,17.2,1.2,4.5,-0.3207661696754435,0.2815179756185865,-0.2,3.3,0.6390669808600317,0.1238961402153299,0.001,2.02,2.22,0.598,,Isolation,0.0036564386,0.0026564385518431663,0.0026564385518431663,True
2005,Shawn Marion,PF,26,PHO,81,81,38.8,1.0089699591449983,0.7840259417104317,0.476,1.4,4.2,0.334,0.6822433761349975,11.7,0.526,0.52,-0.3511106045884534,-0.43594719894645,0.833,2.9,8.4,11.3,1.9,2.0,1.5,1.5,2.5,0.64140173651877,3146,21.7,0.556,0.265,0.213,8.4,22.0,15.5,7.5,2.6,2.5,8.1,21.3,7.3,5.2,1.8283671671500263,1.376109591645554,3.1,1.3,1.1554886388996106,1.4476827006073378,0.001,7.12,7.08,0.756,,Isolation,0.026226494,0.025226494461297988,0.025226494461297988,True
2003,Tim Duncan,PF,26,SAS,81,81,39.3,1.4989242050026488,0.8838393599550708,0.513,0.1,0.3,0.273,1.9298120614930656,16.9,0.517,0.515,1.3783313399917705,1.7150211573981695,0.71,3.2,9.7,12.9,3.9,0.7,2.9,3.1,2.9,1.349277209352554,3181,26.9,0.564,0.016,0.455,9.9,27.3,19.0,19.5,0.9,5.2,12.9,28.0,9.5,6.9,2.840866110698653,2.3896619664920595,5.0,2.5,2.369580540848874,2.642378863862532,0.808,5.41,5.65,0.732,1.0,Isolation,0.3486233,-0.4593766944408417,0.4593766944408417,True
2003,Kevin Garnett,PF,26,MIN,82,82,40.5,1.672160527056233,1.1176505227199212,0.502,0.2,0.9,0.282,1.9861481899962805,17.2,0.513,0.508,0.7314858783880438,0.8561669394344357,0.751,3.0,10.5,13.4,6.0,1.4,1.6,2.8,2.4,1.2868905602236114,3321,26.4,0.553,0.048,0.339,8.6,28.5,18.8,25.8,1.8,2.8,11.9,26.4,9.8,5.8,2.566602419080365,1.9318057832630773,6.0,2.4,2.683686757439453,3.1485610794791565,0.732,2.07,2.46,0.622,2.0,Isolation,0.3462114,-0.38578859639167784,0.38578859639167784,True
2003,Kobe Bryant,SG,24,LAL,82,82,41.5,2.538342137324157,2.52051749930902,0.451,1.5,4.0,0.383,2.155156575505921,19.5,0.465,0.483,2.4779686247181063,2.1697086845554403,0.843,1.3,5.6,6.9,5.9,2.2,0.8,3.5,2.7,2.7425790398989363,3401,26.2,0.55,0.168,0.371,3.5,15.3,9.3,27.2,2.8,1.4,11.4,32.9,11.0,4.0,2.3532862144883637,1.6332039246354804,6.3,0.7,2.1732641554797625,2.642378863862532,0.417,2.33,2.71,0.61,3.0,Isolation,0.18826993,-0.22873007190227507,0.22873007190227507,True
2003,Tracy McGrady,SG,23,ORL,75,74,39.4,2.827069340746799,2.702370625903902,0.457,2.3,6.0,0.386,1.9298120614930656,18.2,0.481,0.505,2.736706809359597,2.674917048063519,0.793,1.6,4.9,6.5,5.5,1.7,0.8,2.6,2.1,3.179285583801534,2954,30.3,0.564,0.247,0.4,4.6,14.6,9.5,30.0,2.2,1.5,8.4,35.2,13.2,2.9,2.718971136646081,2.668357034544484,9.8,0.7,3.5082155759897224,3.4522704088491323,0.359,0.13,-0.39,0.512,4.0,Isolation,0.4459901,0.08699008560180665,0.08699008560180665,True
2003,Shaquille O'Neal,C,30,LAL,67,66,37.8,2.422851255955101,1.1176505227199212,0.574,0.0,0.0,,2.8875262460477,18.1,0.574,0.574,2.0898613477558703,3.2306462479224063,0.622,3.9,7.2,11.1,3.1,0.6,2.4,2.9,3.4,2.2226902971577487,2535,29.5,0.602,0.0,0.599,11.4,21.6,16.5,16.2,0.8,4.5,11.4,30.2,10.2,3.0,1.8352325747649287,2.4294755476424057,6.4,0.1,1.9376844930368284,1.5287779895059563,0.106,2.33,2.71,0.61,5.0,Isolation,0.1188132,0.012813201785087588,0.012813201785087588,True
2003,Allen Iverson,SG,27,PHI,82,82,42.5,2.0763786118479315,2.572475535478986,0.414,1.0,3.7,0.277,1.9861481899962805,20.0,0.44,0.436,2.2839149862369883,2.3212711936078643,0.774,0.8,3.4,4.2,5.5,2.7,0.2,3.5,1.8,2.243485846867397,3485,21.2,0.5,0.156,0.379,2.3,9.5,5.8,25.1,3.4,0.3,11.2,32.9,5.0,4.2,0.6162828342392029,-0.0190596931038893,3.2,0.2,0.7597861808221582,1.1744504385743184,0.07,2.3,1.76,0.585,6.0,Isolation,0.013572634,-0.05642736580222846,0.05642736580222846,True
2003,Dirk Nowitzki,PF,24,DAL,80,80,39.0,1.3834333236335914,1.2475456131448377,0.463,1.9,4.9,0.379,0.8594256199320052,13.7,0.493,0.513,1.6370695246332616,1.2603336302408992,0.881,1.0,8.9,9.9,3.0,1.4,1.0,1.9,2.6,1.7235971041262093,3117,25.6,0.581,0.262,0.368,2.9,25.1,14.0,13.3,1.8,2.0,8.1,27.4,10.8,5.3,2.718971136646081,2.4095687570672326,5.8,1.4,2.212527432553585,2.4399059776158816,0.036,7.78,7.91,0.732,7.0,Isolation,0.28931916,0.25331915760040286,0.25331915760040286,True
2003,Jason Kidd,PG,29,NJN,80,80,37.4,0.1130336285739693,0.4681750705953379,0.414,1.6,4.6,0.341,-0.2109608216290555,10.9,0.445,0.465,0.4727476937465534,0.3004377395755492,0.841,1.4,4.9,6.3,8.9,2.2,0.3,3.7,1.6,0.3926819227087688,2989,22.2,0.526,0.297,0.324,4.2,15.1,9.6,42.2,3.1,0.6,17.2,25.9,5.5,5.8,1.2562314480152097,1.0758137885306327,4.8,1.8,1.9769477701106508,2.034960205122581,0.026,5.22,4.42,0.598,,Isolation,0.013709423,-0.012290576867759227,0.012290576867759227,True
2003,Chris Webber,PF,29,SAC,67,67,39.1,2.13412405253246,1.9749581195243693,0.461,0.1,0.3,0.238,2.549509475028417,21.1,0.465,0.463,-0.1740977678571733,0.4520002486279728,0.607,2.4,8.1,10.5,5.4,1.6,1.3,3.2,3.0,1.2868905602236114,2622,20.9,0.485,0.015,0.247,6.9,21.1,14.4,24.6,2.0,2.2,11.9,30.4,1.7,5.3,-0.0846132665630893,-0.0190596931038893,2.0,1.5,0.7597861808221582,0.5670317798343684,0.016,6.5,6.68,0.72,,Isolation,0.0101684965,-0.005831503480672837,0.005831503480672837,True
2003,Jamal Mashburn,SF,30,NOH,82,81,40.5,1.152451560895478,1.4293987397397203,0.422,1.5,3.7,0.389,0.8030894914287916,15.6,0.43,0.46,0.2140095091050625,0.0478335578215098,0.848,0.8,5.3,6.1,5.6,1.0,0.2,2.8,2.4,0.9957528642885468,3321,18.0,0.507,0.193,0.233,2.3,15.3,8.7,26.2,1.3,0.4,11.6,27.1,5.4,3.6,0.5553353472129168,0.04066067862163,2.6,-0.4,0.2493635788624677,0.5164135582727059,0.001,2.11,1.52,0.573,,Isolation,0.007623097,0.00662309692800045,0.00662309692800045,True
2003,Steve Nash,PG,28,DAL,82,82,33.1,0.0552881878894406,-0.0514052911043281,0.465,1.4,3.3,0.413,-0.1546246931258419,10.3,0.482,0.515,0.2140095091050625,-0.1542497875817217,0.909,0.8,2.1,2.9,7.3,1.0,0.1,2.3,1.6,0.1847264256122938,2711,22.6,0.576,0.241,0.304,2.6,7.0,4.8,36.3,1.6,0.2,13.2,24.4,9.7,1.9,1.3476526785546388,1.5535767623347878,5.4,-0.8,1.1916822286342037,1.022595773889331,0.001,7.78,7.91,0.732,,Isolation,0.0107334815,0.009733481496572494,0.009733481496572494,True
2003,Paul Pierce,SG,25,BOS,79,79,39.2,1.2679424422645351,1.66320990250457,0.416,1.5,4.9,0.302,0.9157617484352192,15.2,0.454,0.454,2.6720222631992243,2.5738753753619035,0.802,1.3,6.0,7.3,4.4,1.8,0.8,3.6,2.9,1.8899615018033888,3096,22.7,0.532,0.246,0.473,3.8,17.7,10.6,24.2,2.4,1.6,13.0,33.2,5.3,4.8,0.8905465258574914,0.5781440241513045,4.2,0.7,1.309472059855671,1.478159767944294,0.001,-0.39,-0.75,0.537,,Isolation,0.014710004,0.013710004441440105,0.013710004441440105,True
2001,Allen Iverson,SG,25,PHI,71,71,42.0,2.241866461826323,2.769340128368532,0.42,1.4,4.3,0.32,1.9811859797608768,21.2,0.441,0.447,3.176863209662194,2.7259446095790696,0.814,0.7,3.1,3.8,4.6,2.5,0.3,3.3,2.1,2.723437046705798,2979,24.0,0.518,0.169,0.397,1.9,8.3,5.2,23.0,3.2,0.5,10.0,35.9,7.3,4.5,1.304817114901541,1.1504232174414848,5.0,1.1,1.626680463621331,1.715831960563659,0.904,4.28,3.63,0.683,1.0,Isolation,0.03511827,-0.8688817293345928,0.8688817293345928,True
2001,Tim Duncan,PF,24,SAS,82,82,38.7,1.1464289671456962,0.7243394567285538,0.499,0.1,0.3,0.259,1.5185241809887302,16.8,0.504,0.502,1.0076696299168264,1.744119153275803,0.618,3.2,9.0,12.2,3.0,0.9,2.3,3.0,3.0,0.9847133546806,3174,23.8,0.536,0.019,0.471,9.7,25.1,17.8,15.3,1.2,4.2,12.5,28.7,6.2,7.1,1.7501203537860437,1.3539772260941534,2.9,1.8,1.077251388622096,1.3489948598666244,0.569,7.76,7.92,0.707,2.0,Isolation,0.030546192,-0.5384538079202175,0.5384538079202175,True
2001,Shaquille O'Neal,C,28,LAL,74,74,39.5,2.3983575324949844,1.2355896246385478,0.572,0.0,0.0,0.0,2.803695844244692,19.2,0.573,0.572,2.160053719156553,4.19868279403397,0.513,3.9,8.8,12.7,3.7,0.6,2.8,2.9,3.5,2.254567736496756,2924,30.2,0.574,0.001,0.684,11.3,24.8,18.1,18.8,0.8,4.9,10.5,31.6,11.1,3.9,2.2908457152886545,2.2699702650311604,7.0,0.7,2.2545994064776,2.239884961559423,0.466,3.38,3.74,0.683,3.0,Isolation,0.25380287,-0.21219713425636294,0.21219713425636294,True
2001,Chris Webber,PF,27,SAC,70,70,40.5,2.502684912940758,2.2580899604585367,0.481,0.0,0.4,0.071,2.906509577305169,23.0,0.488,0.481,0.7365204324486553,1.0077500610483527,0.703,2.6,8.5,11.1,4.2,1.3,1.7,2.8,3.2,1.9419881963573944,2836,24.7,0.516,0.017,0.282,7.0,22.1,14.8,20.6,1.7,2.8,9.6,31.6,5.8,5.2,1.0503581212532536,1.0690016139804177,4.0,1.4,1.3912108600502304,1.2965895597670478,0.42,5.82,6.07,0.671,4.0,Isolation,0.028176773,-0.39182322666049,0.39182322666049,True
2001,Kevin Garnett,PF,24,MIN,81,81,39.5,1.198592657368583,0.9921371637290268,0.477,0.2,0.8,0.288,1.5185241809887302,17.4,0.486,0.484,0.6009458337145703,0.6150198785270462,0.764,2.7,8.7,11.4,5.0,1.4,1.8,2.8,2.5,0.94564091216318,3202,23.9,0.531,0.045,0.317,7.7,25.3,16.4,21.8,1.8,3.2,12.0,27.0,7.0,4.8,1.304817114901541,0.865447605327749,4.5,1.4,1.5874355296928144,1.8730478608623888,0.122,1.35,1.81,0.573,5.0,Isolation,0.022755325,-0.09924467515945434,0.09924467515945434,True
2001,Tracy McGrady,SG,21,ORL,77,77,40.1,1.981048010711888,2.0146374995490155,0.457,0.8,2.2,0.355,2.032592846291115,20.2,0.468,0.474,1.4143934261190827,1.4986627891999862,0.733,2.5,5.0,7.5,4.6,1.5,1.5,2.6,2.1,1.883379532581264,3087,24.9,0.521,0.096,0.34,6.7,14.3,10.4,22.8,1.9,2.8,9.1,31.2,8.3,3.9,1.4320466117256845,1.130067816576218,6.5,0.5,1.9798848689779824,2.187479661459846,0.052,0.99,0.38,0.524,6.0,Isolation,0.036253244,-0.01574675631523132,0.01574675631523132,True
2001,Karl Malone,PF,37,UTA,81,81,35.7,0.989937896477036,0.6026132262737932,0.498,0.0,0.1,0.4,1.3643035813980142,16.5,0.499,0.499,2.09226641978951,1.84230169890613,0.793,1.4,6.9,8.3,4.5,1.1,0.8,3.0,2.7,1.1800755672677008,2895,24.7,0.572,0.004,0.503,5.0,23.3,14.3,24.1,1.7,1.7,12.9,30.0,9.1,4.0,1.7183129795800076,1.7000190408036893,5.5,1.1,1.822905133263915,1.820642560762812,0.017,4.7,5.0,0.646,7.0,Isolation,0.030715158,0.013715158209204673,0.013715158209204673,True
2001,Jason Kidd,PG,27,PHO,77,76,39.8,-0.2619906688722521,0.0183273200909417,0.411,0.9,3.0,0.297,-0.2807161475696169,11.2,0.442,0.443,0.5331585343475272,0.3204722416360663,0.814,1.2,5.2,6.4,9.8,2.2,0.3,3.7,2.2,-0.0507063720310346,3065,19.4,0.51,0.211,0.367,3.3,15.2,9.1,41.2,2.8,0.5,18.3,22.7,4.2,5.4,0.6050548823687505,0.3362071828308114,2.4,1.7,0.881026718979512,1.0345630592691657,0.015,2.21,2.63,0.622,,Isolation,0.004602847,-0.010397152844816446,0.010397152844816446,True
2001,Kobe Bryant,SG,22,LAL,68,68,40.9,2.033211700934776,1.965947007367112,0.464,0.9,2.9,0.305,1.9811859797608768,19.3,0.489,0.484,2.363415617257681,1.793210426090966,0.853,1.5,4.3,5.9,5.0,1.7,0.6,3.2,3.3,2.2154952939793358,2783,24.5,0.552,0.132,0.369,4.3,11.8,8.1,23.0,2.1,1.1,11.1,31.8,9.2,2.2,1.1457802438713616,1.272555622633086,5.1,-0.3,1.1164963225506128,0.9821577591695896,0.009,3.38,3.74,0.683,,Isolation,0.019309612,0.01030961199104786,0.01030961199104786,True
2001,Ray Allen,SG,25,MIL,82,82,38.2,0.6769557551397136,0.4565417497280801,0.48,2.5,5.7,0.433,-0.1779024145091398,10.3,0.506,0.557,0.4653712349804847,0.1241071503754128,0.888,1.2,4.0,5.2,4.6,1.5,0.2,2.5,2.3,0.94564091216318,3129,22.9,0.61,0.357,0.299,3.7,11.8,7.8,20.4,2.1,0.5,12.1,24.4,11.5,2.2,1.9091572248162232,1.5778866356120882,5.7,-0.3,1.3912108600502304,1.6110213603645065,0.006,3.88,3.13,0.634,,Isolation,0.022738265,0.01673826487362385,0.01673826487362385,True
2001,Vince Carter,SF,24,TOR,75,75,39.7,1.981048010711888,1.94160176127616,0.46,2.2,5.3,0.408,1.2614898483375376,16.8,0.477,0.509,1.075456929283869,1.0568413338635163,0.765,2.3,3.2,5.5,3.9,1.5,1.1,2.2,2.7,2.039669302650945,2979,25.0,0.551,0.24,0.303,6.5,9.3,7.9,19.2,2.0,1.9,8.2,30.7,10.3,2.6,1.654698231167936,1.5168204330162876,7.6,0.1,2.215354472549083,2.292290261659,0.006,2.26,1.69,0.573,,Isolation,0.0651427,0.05914269858598709,0.05914269858598709,True
2001,David Robinson,C,35,SAS,80,80,29.6,-0.7314638808782352,-0.9311372774561908,0.486,0.0,0.0,0.0,-0.2807161475696169,10.3,0.487,0.486,0.6009458337145703,0.6641111513422098,0.747,2.6,6.0,8.6,1.5,1.0,2.5,1.5,2.7,-0.5391119034987863,2371,23.7,0.559,0.001,0.571,10.4,22.0,16.5,8.8,1.8,5.8,10.6,22.8,6.4,5.7,1.4002392375196484,2.290325665896427,2.5,2.7,1.27347605826468,0.7725365587712836,0.006,7.76,7.92,0.707,,Isolation,0.030977705,0.024977705493569376,0.024977705493569376,True
2001,Paul Pierce,SF,23,BOS,82,82,38.0,1.0421015866999226,1.0651729020018832,0.454,1.8,4.7,0.383,0.5417937169141986,13.8,0.478,0.503,2.160053719156553,2.185940608612273,0.745,1.1,5.2,6.4,3.1,1.7,0.8,3.2,3.1,1.590336213700613,3120,22.3,0.563,0.254,0.488,3.4,16.7,9.8,16.9,2.3,1.7,12.5,30.6,6.9,3.5,0.8595138760170381,0.5397611914834799,4.5,-0.1,0.9595165868365456,1.1393736594683186,0.004,-2.13,-2.4,0.439,,Isolation,0.011343765,0.0073437650725245475,0.0073437650725245475,True
2001,Jerry Stackhouse,SG,26,DET,80,80,40.2,1.720229559597453,2.4285066830952027,0.402,2.1,5.9,0.351,1.0558623822165836,18.2,0.418,0.445,3.244650509029237,2.7259446095790696,0.822,1.2,2.7,3.9,5.1,1.2,0.7,4.1,2.0,2.469466170342567,3215,21.8,0.521,0.245,0.42,3.2,7.3,5.2,25.8,1.5,1.2,12.5,35.2,6.6,2.6,0.4778253855446067,0.0715869715823429,5.8,-0.7,1.234231124336163,1.5586160602649295,0.002,-1.7,-2.08,0.39,,Isolation,0.016163576,0.014163576394319534,0.014163576394319534,True
2001,Michael Finley,SF,27,DAL,82,82,42.0,1.198592657368583,1.1625538863656917,0.458,1.1,3.2,0.346,1.0558623822165836,15.7,0.481,0.487,-0.2802890580569854,-0.2686230321458938,0.775,1.3,3.9,5.2,4.4,1.4,0.4,2.3,2.1,0.8479598058696295,3443,18.2,0.521,0.169,0.209,3.6,10.0,6.9,18.3,1.8,0.7,10.1,24.9,5.6,2.9,0.2551737661023555,-0.2948102439924603,2.4,-0.5,-0.0216067613763744,0.3008888578750959,0.001,4.28,4.6,0.646,,Isolation,0.006040828,0.005040827836841345,0.005040827836841345,True
2001,Anthony Mason,PF,34,MIA,80,80,40.7,-0.3141543590951394,-0.5416133400009568,0.482,0.0,0.0,,0.1305387846722908,11.9,0.482,0.482,0.7365204324486553,0.6641111513422098,0.781,2.1,7.5,9.6,3.1,1.0,0.3,2.2,2.9,-0.2069961421007147,3254,17.4,0.555,0.0,0.497,6.2,21.9,14.1,14.2,1.4,0.6,13.3,20.0,6.0,5.6,1.241202366489469,0.7636706010014153,0.8,1.1,-0.0216067613763744,0.1960782576759432,0.001,2.29,1.72,0.61,,Isolation,0.005098481,0.004098481196910143,0.004098481196910143,True
2001,John Stockton,PG,38,UTA,82,82,29.2,-1.253100783107105,-1.5154231836390415,0.504,0.7,1.6,0.462,-1.1546328785836713,6.3,0.514,0.551,-0.4836509561581137,-0.5631706690368738,0.817,0.7,2.1,2.8,8.7,1.6,0.3,2.5,2.4,-1.1056623200013789,2397,22.3,0.61,0.203,0.427,2.9,8.8,5.9,48.7,2.9,0.7,20.8,18.8,8.2,2.6,0.986743372841182,1.6796636399384224,5.5,1.2,1.862150067192432,1.2965895597670478,0.001,4.7,5.0,0.646,,Isolation,0.012619167,0.011619166634976863,0.011619166634976863,True
1996,Michael Jordan,SG,32,CHI,82,82,37.7,3.599193169432723,3.3765310927784,0.495,1.4,3.2,0.427,2.82311249157956,19.4,0.506,0.525,2.5380083139024334,2.1000729286286046,0.834,1.8,4.8,6.6,4.3,2.2,0.5,2.4,2.4,3.5182979408852297,3090,29.4,0.582,0.141,0.355,5.6,14.9,10.2,21.2,3.1,1.0,8.4,33.3,14.2,6.2,4.129640886655912,3.817238618112473,8.3,2.2,3.48140970160978,3.914346590156771,0.986,12.24,11.8,0.878,1.0,Isolation,0.8281867,-0.15781330919265746,0.15781330919265746,True
1996,David Robinson,C,30,SAS,82,82,36.8,1.8984893616853733,1.425009523746854,0.516,0.0,0.1,0.333,2.1196412766041486,16.7,0.517,0.517,3.1849907637091905,3.200014132759979,0.761,3.9,8.3,12.2,3.0,1.4,3.3,2.3,3.2,2.207533050681917,3019,29.4,0.589,0.007,0.597,12.3,24.2,18.4,14.6,1.9,6.4,9.8,28.8,11.1,7.2,3.4948712810350644,3.2936207890403133,5.8,3.1,2.8757642808525365,3.133213124271828,0.508,6.3,5.97,0.72,2.0,Isolation,0.55015177,0.04215176534652709,0.04215176534652709,True
1996,Anfernee Hardaway,PG,24,ORL,82,82,36.8,1.15017968627654,0.7520710516670108,0.513,1.1,3.5,0.314,0.8885666503971809,11.4,0.573,0.549,1.6034781086260066,1.6050993867694865,0.767,1.6,2.7,4.3,7.1,2.0,0.5,2.8,2.0,1.4065100622243372,3015,24.6,0.605,0.233,0.477,5.1,8.5,6.8,32.2,2.9,1.0,13.5,25.5,11.0,3.4,2.3160134420249188,2.1106323603958046,6.2,1.0,2.2322660212979653,2.404155222779214,0.319,5.56,5.39,0.732,3.0,Isolation,0.104765624,-0.2142343761920929,0.2142343761920929,True
1996,Hakeem Olajuwon,C,33,HOU,72,72,38.8,3.259052407883253,2.7708864679065406,0.514,0.0,0.2,0.214,3.292093301563165,20.6,0.517,0.515,1.6753650474934236,1.8800846878023296,0.724,2.4,8.4,10.9,3.6,1.6,2.9,3.4,3.4,2.6687281046423417,2797,25.5,0.558,0.009,0.367,7.3,24.0,15.9,18.3,2.1,5.3,12.5,31.9,4.5,5.2,0.8953386103973068,0.8888574258940983,2.8,2.0,1.361650728959428,1.3626439349326231,0.211,1.74,1.63,0.585,4.0,Isolation,0.027283486,-0.1837165140211582,0.1837165140211582,True
1996,Scottie Pippen,SF,30,CHI,77,77,36.7,0.9460952293468584,1.0885402877069326,0.463,1.9,5.2,0.374,0.2437180366697218,10.6,0.507,0.525,-0.1936953630594307,0.010184640778994,0.679,2.0,4.5,6.4,5.9,1.7,0.7,2.7,2.6,0.8482213126932963,2825,21.0,0.551,0.33,0.266,6.3,14.2,10.2,25.2,2.5,1.5,13.2,24.4,7.0,5.3,1.681243836404071,1.722767301823834,4.6,1.7,1.891590472122016,1.8833995788559184,0.2,12.24,11.8,0.878,5.0,Isolation,0.045342192,-0.15465780794620515,0.15465780794620515,True
1996,Gary Payton,PG,27,SEA,81,81,39.0,1.15017968627654,1.0885402877069326,0.484,1.2,3.7,0.328,0.8299440491492303,12.1,0.532,0.523,-0.2655823019268482,-0.209803600047281,0.748,1.3,2.9,4.2,7.5,2.9,0.2,3.2,2.7,0.8239478888006428,3162,19.6,0.554,0.234,0.24,4.1,8.4,6.3,33.3,3.7,0.5,15.6,23.6,5.9,5.6,1.439426843786605,1.044003449322886,2.8,1.8,1.2480922125674443,1.5188706281096116,0.087,7.79,7.39,0.78,6.0,Isolation,0.020779766,-0.06622023385763168,0.06622023385763168,True
1996,Karl Malone,PF,32,UTA,82,82,38.0,2.51074273247442,1.9970072250147208,0.519,0.2,0.5,0.4,2.588622086587756,18.0,0.522,0.524,2.1785736195653462,2.430055289868017,0.723,2.1,7.7,9.8,4.2,1.7,0.7,2.4,3.0,2.3774470179304945,3113,26.0,0.575,0.026,0.466,7.1,24.2,15.8,20.6,2.4,1.5,9.8,29.8,9.9,5.3,2.527603310565201,2.1882053721101986,5.6,1.4,2.15656034370331,2.508306351563873,0.075,6.59,6.24,0.671,7.0,Isolation,0.30018356,0.22518356442451476,0.22518356442451476,True
1996,Shawn Kemp,PF,26,SEA,79,76,33.3,0.5379263154874947,-0.223689732848762,0.561,0.1,0.2,0.417,0.9471892516451316,11.7,0.563,0.564,2.1785736195653462,2.32006116945488,0.742,3.5,7.9,11.4,2.2,1.2,1.6,4.0,3.8,0.8967681604786049,2631,22.6,0.631,0.013,0.709,13.0,26.9,20.3,11.5,1.8,3.8,20.4,26.2,5.2,6.1,1.348745471555055,1.6451942901094398,1.5,1.3,0.5667411142155455,0.4773593402630207,0.065,7.79,7.39,0.78,,Isolation,0.0136220325,-0.05137796752154827,0.05137796752154827,True
1996,Grant Hill,SF,23,DET,80,80,40.8,0.8100389247270702,0.9203056696869716,0.462,0.1,0.3,0.192,1.1816796566369352,14.9,0.468,0.464,2.1066866806979285,2.155069988835173,0.751,1.6,8.2,9.8,6.9,1.3,0.6,3.3,3.0,1.042408703834528,3260,20.9,0.537,0.021,0.529,4.9,23.4,14.5,31.4,1.7,1.2,14.9,25.9,6.0,5.7,1.4998810919409713,1.005216943465689,3.1,1.7,1.3237978901621,1.7271728856789297,0.056,2.5,2.45,0.561,,Isolation,0.020908745,-0.03509125499427319,0.03509125499427319,True
1996,John Stockton,PG,33,UTA,82,82,35.5,-0.3464396645411269,-0.8629812813246133,0.538,1.2,2.7,0.422,-0.4597531783056884,7.2,0.582,0.596,-0.1936953630594307,-0.4297918408735558,0.83,0.7,2.1,2.8,11.2,1.7,0.2,3.0,2.5,-0.2926296102614388,2915,21.9,0.642,0.275,0.345,2.3,7.1,4.8,49.1,2.6,0.4,20.7,18.7,10.1,2.9,1.892833704944353,1.8197335664668264,6.0,0.7,2.080854666108654,2.1437774008175663,0.011,6.59,6.24,0.671,,Isolation,0.04247006,0.0314700602889061,0.0314700602889061,True
1996,Charles Barkley,PF,32,PHO,71,71,37.1,1.5583486001359037,1.256774905726893,0.5,0.7,2.5,0.28,1.4747926628766894,13.9,0.539,0.521,2.1785736195653462,2.1000729286286046,0.777,3.4,8.1,11.6,3.7,1.6,0.8,3.1,2.9,1.770611420614146,2632,24.8,0.585,0.151,0.488,10.9,25.0,18.1,17.4,2.2,1.6,13.4,27.5,7.0,3.5,1.1371556030147727,1.373688749109061,5.0,0.6,1.6644734393380494,1.4667950637172815,0.007,0.33,0.28,0.5,,Isolation,0.019938739,0.012938739016652108,0.012938739016652108,True
1996,Alonzo Mourning,C,25,MIA,70,70,38.2,1.422292295516116,0.9539525932909636,0.523,0.1,0.4,0.3,1.709283067868493,14.9,0.53,0.527,2.7536691305046856,3.310008253173116,0.685,3.1,7.3,10.4,2.3,1.0,2.7,3.7,3.5,1.770611420614146,2671,22.7,0.584,0.028,0.662,9.7,21.7,15.9,11.4,1.4,5.5,15.9,28.1,4.4,5.5,0.9557928585516736,1.1215764610372805,2.2,2.0,1.0966808573781337,0.9981149841863162,0.005,1.43,1.45,0.512,,Isolation,0.016050957,0.011050957143306731,0.011050957143306731,True
1996,Terrell Brandon,PG,25,CLE,75,75,34.3,0.6059544677973884,0.6847772044590261,0.465,1.2,3.1,0.387,0.3609632391656231,11.5,0.487,0.507,0.9564956588192488,0.5051581826381121,0.887,0.6,2.7,3.3,6.5,1.8,0.4,1.9,1.9,0.8239478888006428,2570,25.2,0.573,0.214,0.348,2.4,10.6,6.4,38.1,3.0,1.1,10.1,27.6,9.5,3.1,1.8021523327128035,2.265778383824592,6.0,1.5,2.3458245376899485,2.039626272032907,0.003,2.59,2.49,0.573,,Isolation,0.056810323,0.05381032314896583,0.05381032314896583,True
1996,Mitch Richmond,SG,30,SAC,81,81,36.4,1.0821515339666463,1.4586564473508457,0.447,2.8,6.4,0.437,-0.1080175708179835,10.5,0.453,0.529,1.4597042308911714,1.0551287847037991,0.866,0.7,2.7,3.3,3.1,1.5,0.2,2.7,2.9,1.7463379967214927,2946,19.2,0.591,0.376,0.359,2.1,8.5,5.3,15.9,2.2,0.5,12.2,26.9,7.2,2.1,0.7744301140885743,0.5979586319651203,3.9,-0.4,0.8317109857968397,0.9460394197939864,0.003,-2.71,-2.62,0.476,,Isolation,0.012877044,0.009877044267952443,0.009877044267952443,True
1989,Magic Johnson,PG,29,LAL,77,77,37.5,0.4556002085636979,0.316768891593762,0.509,0.8,2.4,0.314,0.2505224666095841,12.3,0.548,0.535,2.088904148672501,1.5087961465159756,0.911,1.4,6.4,7.9,12.8,1.8,0.3,4.1,2.2,1.1058061540972457,2886,26.9,0.625,0.165,0.495,4.6,18.0,11.7,48.6,2.3,0.4,18.4,24.3,12.1,4.0,2.639384638726187,2.7639316648317025,7.3,2.0,2.956889998128319,2.882119941476803,0.782,7.17,6.38,0.695,1.0,Physical Play,0.21894675,-0.5630532450675965,0.5630532450675965,True
1989,Michael Jordan,SG,25,CHI,81,81,40.2,2.948934683290408,2.483210479203593,0.538,0.3,1.2,0.276,2.922762110445157,21.0,0.553,0.546,3.182929234720292,2.9105019682513675,0.85,1.8,6.2,8.0,8.0,2.9,0.8,3.6,3.0,3.265162049620085,3255,31.1,0.614,0.055,0.442,5.5,17.3,11.6,34.7,3.6,1.2,11.9,32.1,14.6,5.2,3.6943401495058006,3.239651400603079,8.4,3.4,3.8718825708874234,4.372457192282155,0.704,1.44,2.13,0.573,2.0,Physical Play,0.71290994,0.008909936904907267,0.008909936904907267,True
1989,Karl Malone,PF,25,UTA,80,80,39.1,1.928934216356753,1.6927520621027086,0.519,0.1,0.2,0.313,2.0876872217465405,19.3,0.521,0.521,3.5248120741102267,3.863661927031434,0.766,3.2,7.4,10.7,2.7,1.8,0.9,3.6,3.6,2.5309810451423203,3126,24.4,0.592,0.01,0.589,10.0,19.6,15.1,12.8,2.3,1.3,12.7,30.4,8.6,6.6,2.3827738388068203,2.116952824182629,4.3,1.2,1.4929018817137534,1.7283104569823362,0.426,5.02,4.02,0.622,3.0,Physical Play,0.08855034,-0.33744966334104537,0.33744966334104537,True
1989,Patrick Ewing,C,26,NYK,80,80,36.2,1.3622672902825013,0.6680837436385993,0.567,0.0,0.1,0.0,1.5309706292807963,16.0,0.57,0.567,0.5846196553567882,0.8359773520829874,0.746,2.7,6.6,9.3,2.4,1.5,3.5,3.3,3.9,1.1489932720077023,2896,22.1,0.607,0.005,0.378,8.0,20.7,14.2,9.5,1.9,5.6,15.1,23.6,6.2,4.7,1.156744461414296,1.127455773778164,2.3,2.3,1.163504555520476,1.1994811099223723,0.235,3.77,3.63,0.634,4.0,Physical Play,0.016303793,-0.21869620740413664,0.21869620740413664,True
1989,Hakeem Olajuwon,C,26,HOU,82,82,36.9,1.6456007533196273,1.546370873750693,0.508,0.0,0.1,0.0,1.8093289255136684,18.9,0.511,0.508,1.268385334136657,1.9012737766018848,0.696,4.1,9.4,13.5,1.8,2.6,3.4,3.4,4.0,1.602458010067499,3024,25.2,0.552,0.006,0.419,12.2,27.2,19.8,8.2,3.3,5.5,13.0,28.2,4.6,7.8,1.584429127946572,1.4319164046718458,2.7,2.9,1.5295015846241171,1.632159666607797,0.211,0.95,0.22,0.549,5.0,Physical Play,0.038274124,-0.1727258757352829,0.1727258757352829,True
1989,Charles Barkley,PF,25,PHI,79,79,39.1,1.2489339050676511,0.4631500799457776,0.579,0.4,2.1,0.216,1.1412690145547757,13.2,0.636,0.594,2.7042932595743827,3.078706666859614,0.753,5.1,7.4,12.5,4.1,1.6,0.8,3.2,3.3,1.8183935996197829,3088,27.0,0.653,0.134,0.661,14.5,21.3,17.9,16.0,2.0,1.3,14.0,24.4,13.2,2.9,2.639384638726187,2.4404422445071656,7.3,0.2,2.2614956428314,2.449441384791378,0.111,1.5,1.68,0.561,6.0,Physical Play,0.14434618,0.03334617757797241,0.03334617757797241,True
1989,John Stockton,PG,26,UTA,82,82,38.7,-0.3377334879402554,-0.7078994268703473,0.538,0.2,0.8,0.242,-0.2505224666095856,10.5,0.561,0.547,0.7897493589907488,0.4995679548664936,0.863,1.0,2.0,3.0,13.6,3.2,0.2,3.8,2.9,-0.0602460294850872,3171,22.9,0.624,0.072,0.49,3.1,5.4,4.3,54.3,4.1,0.3,21.5,19.1,9.8,5.8,2.4968230832154275,2.1740391924751936,5.1,3.2,2.5542932661143136,2.882119941476803,0.033,5.02,4.02,0.622,7.0,Physical Play,0.08725185,0.054251849472522734,0.054251849472522734,True
1989,Kevin Johnson,PG,22,PHO,81,81,39.2,0.1722667455265718,0.0532827525601337,0.505,0.0,0.3,0.091,0.3618657851027331,13.7,0.514,0.506,1.8153978771605528,1.396659680777144,0.882,0.6,3.6,4.2,12.2,1.7,0.3,4.0,2.8,0.6523414160374492,3179,20.5,0.597,0.02,0.511,1.6,9.4,5.7,40.4,2.0,0.4,18.9,21.2,8.6,3.5,1.5274045057422685,1.1845421420707294,3.9,0.3,1.0537054467893836,1.2956319002969112,0.026,7.7,6.84,0.671,,Physical Play,0.010751471,-0.015248529076576232,0.015248529076576232,True
1989,Tom Chambers,PF,29,PHO,81,81,37.1,1.6456007533196273,1.9269619634659336,0.471,0.3,1.1,0.326,1.5866422885273703,19.2,0.479,0.48,1.8153978771605528,1.5648643793853916,0.851,1.8,6.7,8.4,2.9,1.1,0.7,2.9,3.3,1.7968000406645543,3002,19.3,0.547,0.052,0.364,5.3,18.4,12.1,11.1,1.3,1.0,10.8,28.2,5.1,4.1,0.6720351726777162,0.461448143698236,1.6,-0.2,0.0289137652991876,0.1418224158024448,0.024,7.7,6.84,0.671,,Physical Play,0.009194041,-0.014805959329009057,0.014805959329009057,True
1989,Mark Price,PG,24,CLE,75,74,36.4,0.2289334381339968,-0.0930984357918818,0.526,1.2,2.8,0.441,-0.3061941258561603,10.6,0.548,0.572,-0.099146023423081,-0.3975237710441571,0.901,0.6,2.4,3.0,8.4,1.5,0.1,2.8,1.3,0.3284380317090233,2728,20.6,0.623,0.21,0.29,2.1,7.0,4.7,33.8,2.1,0.1,15.7,21.0,8.0,3.3,1.270793705822903,1.469973983533556,4.5,0.0,1.163504555520476,1.055254924360564,0.021,7.6,7.95,0.695,,Physical Play,0.010854616,-0.010145384170114995,0.010145384170114995,True
1989,Brad Daugherty,C,23,CLE,78,78,36.2,0.1722667455265718,-0.2102033864734944,0.538,0.0,0.0,0.333,0.3618657851027331,12.9,0.538,0.538,0.8581259268687361,1.1723867492994815,0.737,2.1,7.1,9.2,3.7,0.8,0.5,2.9,2.2,0.3284380317090233,2821,18.5,0.594,0.003,0.518,7.1,20.9,14.4,14.8,1.1,0.8,15.6,22.2,5.0,4.6,0.7860844170863233,0.8039663534536279,1.6,0.5,0.2485119827613725,0.286048601364253,0.005,7.6,7.95,0.695,,Physical Play,0.0046750987,-0.0003249013051390649,0.0003249013051390649,True
1989,Robert Parish,C,35,BOS,80,80,35.5,0.4556002085636979,-0.1809271488030914,0.57,0.0,0.0,,0.6402240813356054,13.1,0.57,0.57,0.0376071123328929,0.2752950233888307,0.719,4.3,8.2,12.5,2.2,1.0,1.5,2.5,2.6,0.2636573548433387,2840,21.6,0.607,0.0,0.391,14.0,26.1,20.1,9.1,1.4,2.4,14.0,20.9,6.9,3.6,1.042695217005689,1.0513406160547438,3.5,-0.2,0.7243081205961063,0.7187271580496779,0.005,1.16,1.26,0.512,,Physical Play,0.0058465563,0.0008465562760829924,0.0008465562760829924,True
1989,Moses Malone,C,33,ATL,81,80,35.5,-0.0544000249031292,-0.0638221981214788,0.491,0.0,0.1,0.0,0.1391791481164351,13.4,0.496,0.491,2.2256572844284745,2.349819639557211,0.789,4.8,7.0,11.8,1.4,1.0,1.2,3.0,1.9,0.6091542981269925,2878,21.2,0.581,0.011,0.649,14.4,21.9,18.1,5.8,1.3,2.1,14.8,23.4,6.8,3.9,1.0997198392099925,1.0703694054855988,3.0,-1.2,0.1753125769406442,0.1898978109897142,0.004,4.91,5.26,0.634,,Physical Play,0.0097399205,0.005739920496940613,0.005739920496940613,True
1989,Chris Mullin,SF,25,GSW,82,82,37.7,1.928934216356753,1.8098570127843208,0.509,0.3,1.2,0.23,1.920672244006818,18.7,0.527,0.516,1.610268173526592,1.1723867492994815,0.892,1.9,4.0,5.9,5.1,2.1,0.5,3.6,2.2,1.9695485123063816,3093,21.9,0.581,0.061,0.339,4.9,10.7,7.8,20.1,2.5,0.7,13.6,26.6,7.5,3.1,1.0712075281078406,0.822995142884483,3.7,0.3,0.9805060409686552,1.151405714735103,0.004,-0.3,-0.59,0.524,,Physical Play,0.015367137,0.011367137268185615,0.011367137268185615,True
1989,Larry Nance,PF,29,CLE,73,72,34.6,0.0589333603117212,-0.327308337155107,0.539,0.0,0.1,0.0,0.2505224666095841,12.5,0.541,0.539,0.0376071123328929,-0.0050461409582476,0.799,2.1,5.8,8.0,2.2,0.8,2.8,1.6,2.5,-0.0386524705298592,2526,19.9,0.59,0.004,0.363,7.4,18.0,13.0,9.2,1.1,4.7,9.9,19.9,5.7,4.7,0.9856705948013856,1.4319164046718458,1.9,2.0,0.943906338058291,0.7187271580496779,0.004,7.6,7.95,0.695,,Physical Play,0.0075468663,0.003546866312623024,0.003546866312623024,True
1989,Terry Cummings,SF,27,MIL,80,78,35.3,1.3622672902825013,1.6927520621027086,0.467,0.1,0.2,0.467,1.475298970034222,19.4,0.467,0.469,0.5846196553567882,0.6677726534747405,0.787,3.5,4.6,8.1,2.5,1.3,0.9,2.5,3.3,1.1921803899181591,2824,19.7,0.518,0.01,0.294,11.3,15.3,13.3,11.7,1.8,1.6,10.2,28.9,4.2,3.5,0.2443505061454404,0.1760163022354099,2.0,-0.8,-0.0442856405215406,-0.0024037697593636,0.001,3.61,4.11,0.598,,Physical Play,0.0071244603,0.006124460302293301,0.006124460302293301,True
1989,Joe Dumars,SG,25,DET,69,67,34.9,-0.0544000249031292,-0.1809271488030914,0.505,0.2,0.4,0.483,0.0278358296232866,12.7,0.506,0.513,0.1059836802108796,-0.1171826066970785,0.85,0.8,1.7,2.5,5.7,0.9,0.1,2.6,1.5,-0.0386524705298592,2408,16.8,0.571,0.032,0.339,2.8,5.2,4.0,24.3,1.3,0.1,14.6,21.6,4.8,2.2,0.0447643284303782,0.3472754071131059,2.2,-0.2,0.2119122798510083,0.0456716254279058,0.001,5.8,6.24,0.768,,Physical Play,0.0032022288,0.002202228806912899,0.002202228806912899,True
1989,Isiah Thomas,PG,27,DET,80,76,36.6,0.2289334381339968,0.4631500799457776,0.464,0.4,1.5,0.273,0.1948508073630098,13.8,0.485,0.477,-0.030769455545094,-0.1171826066970785,0.818,0.6,2.8,3.4,8.3,1.7,0.3,3.7,2.6,0.1772831190224246,2924,17.1,0.528,0.099,0.286,2.0,8.3,5.3,34.3,2.3,0.4,17.7,24.6,3.1,3.9,0.0447643284303782,-0.1284443286582714,2.0,0.6,0.4681102002235573,0.5264255773006002,0.001,5.8,6.24,0.768,,Physical Play,0.0037210654,0.002721065353602171,0.002721065353602171,True
